{
    "rmse": 0.7219254286868351,
    "mae": 0.5978762596386714,
    "r2": 0.10329229723989741
}