{
    "rmse": 0.7457411204266422,
    "mae": 0.6216413309943389,
    "r2": 0.04315321200371636
}